title,link,price,rating,reviews
"1-24 of 387 results for""Computer Tablets""",,,,
,,,,
,,,,
,,,,
Results,https://www.amazon.sa/-/en/Samsung-Galaxy-Android-Storage-Version/dp/B0FQ5XPNH7,SAR 640.53,4.4,
"Samsung Galaxy Tab A11, Wifi, Android Tablet, Gray, 8GB RAM, 128GB Storage, 8.7"" Screen (KSA Version)",https://www.amazon.sa/-/en/Samsung-Galaxy-Android-Storage-Version/dp/B0FQ5XPNH7,SAR 640.53,4.4,
"Samsung Galaxy Tab A11+, WiFi, Android Tablet, Silver, 6GB RAM, 128GB Storage, 11"" Screen (KSA Version)",https://www.amazon.sa/-/en/Samsung-Galaxy-Android-Storage-Version/dp/B0FZBHY4F7,SAR 799.00,4.0,
"HONOR Pad X8b WiFi Tablet 11-Inch 90Hz FHD Display, 10100mAh Battery, 4GB RAM + 64GB Expandable Storage (Up to 1TB), SGS 5-Star Drop Resistance, 4 Speakers, 15W Fast Charging, Metal Body, Space Grey",https://www.amazon.sa/-/en/HONOR-10100mAh-Expandable-Resistance-Speakers/dp/B0GZWHPD35,SAR 799.00,4.1,
"HUAWEI MatePad SE 11'' 4+128GB Grey Tablet, FullView Display, Large Capacity Battery, Without Pen, 1-Year Amazon Exclusive Huawei Care+",https://www.amazon.sa/-/en/HUAWEI-MatePad-FullView-Capacity-Exclusive/dp/B0G9VMXB18,SAR 699.00,3.8,
"HUAWEI MatePad SE 11'' 8+128GB Nebula Grey Tablet, FullView Display, Large Capacity Battery, 1-Year Amazon Exclusive Huawei Care+",https://www.amazon.sa/-/en/HUAWEI-MatePad-FullView-Capacity-Exclusive/dp/B0GFWRDWZD,SAR 799.00,4.4,
"Apple iPad 11-inch: A16 chip, 11-inch Model, Liquid Retina Display, 128GB, Wi-Fi 6, 12MP Front/12MP Back Camera, Touch ID, All-Day Battery Life — Blue",https://www.amazon.sa/-/en/Apple-iPad-11-inch-Display-All-Day/dp/B0DZ77H5J7,"SAR 1,834.53",4.5,
"Android Tablet 11″ – Philips T7310, 8GB RAM + 128GB ROM, 1TB Expandable, Octa-Core T616, 7200mAh Battery, HD Eye Protection Display, WiFi 6, Dual Cameras, Android 16, Gemini AI (T7310-WIFI)",https://www.amazon.sa/-/en/Android-Tablet-11%E2%80%B3-Expandable-Protection/dp/B0GPCHFPSH,SAR 599.00,3.5,
"HONOR Magic Pad 3 13.3"" Tablet with Magic Pencil & Smart Keyboard, 16GB RAM 512GB Storage, 165Hz 3.2K Eye Comfort Display, Snapdragon 8 Gen 3, 12450mAh Battery, 8 Speakers, PC-Level Productivity, Gray",https://www.amazon.sa/-/en/HONOR-Keyboard-Snapdragon-12450mAh-Productivity/dp/B0FMY8QNNX,"SAR 2,899.00",4.4,
"TABWEE Tablet 10 Inch Android 16 Tablet with Keyboard, 24GB RAM (8+16GB Ext.) 256GB ROM (2TB TF Expand), Octa-Core 2 in 1 Android Tablet, 5G WiFi, 5000mAh, GPS, Gemini AI, Space Gray",https://www.amazon.sa/-/en/TABWEE-Android-Keyboard-Octa-Core-5000mAh/dp/B0F991H9R9,SAR 399.99,4.4,
"HONOR Pad 9 5G, 12.1"", 128GB 8GB Ram, Space Grey",https://www.amazon.sa/-/en/HONOR-12-1-128GB-Space-Grey/dp/B0H2MZ9ZKV,"SAR 1,005.88",5.0,
"HONOR PAD X9a, 11.5"" HONOR Fullview Display, 8300mAh Long Life, Thin Metal Design, Grey, WIFI",https://www.amazon.sa/-/en/HONOR-Fullview-Display-8300mAh-Design/dp/B0FQCSLX87,SAR 805.15,4.6,
"Lenovo Idea Tab, 11 INCH, 2.5K, 2560x1600, LUNA GREY, MediaTek® Dimensity 6300 OC, 8GB Ram, 256GB Storage, WIFI, 7040 mAh Battery, with Folio Case and Pen, TB336FU, ZAFR0843SA",https://www.amazon.sa/-/en/Lenovo-2560x1600-MediaTek%C2%AE-TB336FU-ZAFR0843SA/dp/B0FRNB54XY,"SAR 1,199.00",4.8,
Redmi Pad 2 9.7 Graphite Gray 4GB RAM 64GB WiFi Inbox Cover - Global Version,https://www.amazon.sa/-/en/Redmi-Graphite-Gray-Inbox-Cover/dp/B0GXZF1HDJ,SAR 524.99,4.0,
"TABWEE T90 Android 16 Tablet - 11 Inch FHD Display, 24GB RAM+128GB ROM /2TB TF, 13MP Camera, 8000mAh, Widevine L1, Gemini AI, GPS, Tablet with Keyboard and Pen",https://www.amazon.sa/-/en/TABWEE-T90-Android-16-Tablet/dp/B0FH22N7GK,SAR 699.99,4.5,
"Tablet 2026 World's First Android 16 Tablet with Gemini AI, 11 Inch FHD Display, 24GB RAM 128GB ROM /2TB TF, T7250 CPU+13MP Camera, 8000mAh, Widevine L1, 2 in 1 Tablets with Stylus",https://www.amazon.sa/-/en/Android-Display-8000mAh-Widevine-Tablets/dp/B0F137P9DJ,SAR 999.99,4.5,
HONOR Pad 10 12.1 Inch Wi-Fi Tablet 8GB RAM 256GB ROM Gray Bundle with Free Keyboard Case & Honor Choice Pencil - UAE Version,https://www.amazon.sa/-/en/HONOR-Tablet-Bundle-Keyboard-Choice/dp/B0FDH43N59,"SAR 1,383.90",3.6,
"Samsung Galaxy Tab A11+, 27.82 cm (11 inch) Display, 8 GB RAM, 256 GB Storage, 90Hz Refresh Rate, AI with Google Gemini, Dolby Atmos, Quad Speakers, Wi-Fi + 5G Tablet | International Version (Gray)",https://www.amazon.sa/-/en/Samsung-Display-Storage-Speakers-International/dp/B0G1C5TGDS,"SAR 1,274.00",4.4,
"Lenovo Tab One with Clear Case, 9"" HD (1340x800) IPS 480nits Anti-fingerprint, Touch display, MediaTek Helio G85 processor, 4GB RAM, 128GB, Android 14 - [ZAF00123AE], Luna Grey",https://www.amazon.sa/-/en/Lenovo-1340x800-Anti-fingerprint-MediaTek-processor/dp/B0FG1NN154,SAR 575.00,4.4,
"Xiaomi Pad 7 8+ 256GB Mi Tablet, Display 12.1 Inches, Standby Time up to 33.9 Days, Blue",https://www.amazon.sa/-/en/Xiaomi-Tablet-Display-Inches-Standby/dp/B0F4254MG1,"SAR 1,298.00",3.9,
"TABWEE T60 Android 16 Tablet with Keyboard, 12.2 Inch QHD+ Display (1600x2400), 48GB RAM 256GB ROM, 10000mAh Battery, 4G Tablet with SIM Card Slot, 16MP Camera, Gemini AI, GPS (4-Year Warranty）",https://www.amazon.sa/-/en/TABWEE-T60-Keyboard-1600x2400-Warranty%EF%BC%89/dp/B0FVL67HHY,SAR 899.99,4.7,
"Samsung Galaxy Tab S10+, AI Tablet, Android Tablet, WIFI, 12GB RAM, 256GB Storage, AMOLED Display, Anti-reflection, Durable, S Pen Included, Moonstone Gray (KSA Version)",https://www.amazon.sa/-/en/Samsung-Android-Anti-reflection-Included-Moonstone/dp/B0DJD3W51Q,"SAR 3,203.08",4.6,
Lenovo Tab One Tablet | 8.7 Inch 1340 x 800 LCD Display | MediaTek Helio G85 | 4GB RAM | 64GB Memory | Android 14 | Luna Grey | Includes Folio Case,https://www.amazon.sa/-/en/Lenovo-Tab-One-Display-MediaTek/dp/B0F5WZRFFT,SAR 398.48,3.8,
"HONOR Pad 10 12.1"" 2.5K Tablet (120Hz Eye-Care Display), Snapdragon 7 Gen 3, 10100mAh Battery, Android 15 Wi-Fi Tablet – High-Performance Entertainment & Productivity Pad",https://www.amazon.sa/-/en/HONOR-Eye-Care-Display-Snapdragon-10100mAh/dp/B0FBC5FXBP,"SAR 1,155.29",4.6,
"Samsung Galaxy Tab A11, LTE, Android Tablet, Silver, 8GB RAM, 128GBB Storage, 8.7"" Screen (KSA Version)",https://www.amazon.sa/-/en/Samsung-Galaxy-Android-Storage-Version/dp/B0FQ5TMJKV,SAR 725.00,4.1,
Filters,https://www.amazon.sa#s-skipLinkTargetForMainSearchResults,,4,
"25-48 of 387 results for""Computer Tablets""",,,,
,,,,
,,,,
,,,,
Results,https://www.amazon.sa/-/en/Apple-iPad-11-inch-Display-All-Day/dp/B0DZ7X7MKF,"SAR 2,549.00",4.5,
"Apple iPad 11-inch: A16 chip, 11-inch Model, Liquid Retina Display, 256GB, Wi-Fi 6, 12MP Front/12MP Back Camera, Touch ID, All-Day Battery Life — Silver",https://www.amazon.sa/-/en/Apple-iPad-11-inch-Display-All-Day/dp/B0DZ7X7MKF,"SAR 2,549.00",4.5,
"10 Inch Android 13 Tablet 12GB RAM+128GB ROM/1TB Expandable Tablet, 2024 Newest 2 in 1 Tablet with Keyboard Case, Mouse Pen, Quad-Core CPU 2.0",https://www.amazon.sa/-/en/Android-Tablet-Expandable-Keyboard-Quad-Core/dp/B0CGWTH8YH,SAR 392.02,4.1,
"HUAWEI MatePad 11.5 S (2026) Tablet, Ultra-Clear PaperMatte Display, 12GB + 256GB, 8800 mAh Battery, 40W SuperCharge, inbox Detachable Keyboar, Green, Amazon-Exclusive 12-Month Care+",https://www.amazon.sa/-/en/HUAWEI-Ultra-Clear-PaperMatte-SuperCharge-Amazon-Exclusive/dp/B0G52MP7XN,"SAR 1,799.00",3.6,
"TABWEE 2026 Upgrade K10 Android 16 Kids Tablet 10 Inch, 12 GB + 64 GB, Google Kids Space, Tablet for Kids with Parental Controls, WiFi 6, Widevine L1, Tablet with Shockproof Case – Pink",https://www.amazon.sa/-/en/TABWEE-K10-Parental-Controls-Shockproof/dp/B0FGPXKXZN,SAR 479.98,4.3,
"HONOR Pad X9a LTE Tablet 11.5"" 120Hz Display, 8GB RAM + 128GB Storage, Snapdragon 685, 8300mAh Battery, 35W Fast Charging, Stylus Support, Grey, Android 15, (2025 Model)",https://www.amazon.sa/-/en/HONOR-Display-Storage-Snapdragon-Charging/dp/B0F54TX745,"SAR 1,127.25",4.4,
"OTEETO TAB 11 Pro Tablet/10.1 Inch IPS LCD/8GB RAM + 512 GB ROM/5G Network/6000 mAh/8MP Front + 13MP Rear Camera/Octa Core 1.3GHz/Android 13/Includes Keyboard,Touch Pen,Mouse (Blue)",https://www.amazon.sa/-/en/OTEETO-TAB-11-Pro-Keyboard/dp/B0CW36162D,SAR 350.75,2.7,
"TABWEE 2026 Upgrade Android 16 Tablet 11 inch, 1920x1200 FHD Display, 24GB RAM + 256GB ROM, Dual 4G LTE + 5G WiFi, Octa Core, 8000mAh Battery, Camera 16MP + 8MP, Gemini AI, WideVine L1, TÜV, GPS",https://www.amazon.sa/-/en/TABWEE-Upgrade-Tablet-1920x1200-WideVine/dp/B0DZ62HK83,SAR 799.99,4.2,
"HONOR Pad 10 WiFi Tablet 12.1 Inch 120Hz 2.5K HONOR Eye Comfort Display 256 GB/8 GB RAM 10100 mAh Tablet, 4nm Snapdragon 7 Gen 3 with 6 Speakers, AI Efficiency, Android 15+ Bluetooth, Grey",https://www.amazon.sa/-/en/HONOR-Snapdragon-Speakers-Efficiency-Bluetooth/dp/B0FC2TF8MP,"SAR 1,454.00",4.6,
"Samsung Galaxy Tab A11+ 128 Gb 27.9 Cm (11"") 8 Gb Wi-Fi 5, W129274304 (Cm (11) 8 Gb Wi-Fi 5 (802.11Ac) Grey)",https://www.amazon.sa/-/en/Samsung-Galaxy-Wi-Fi-W129274304-802-11Ac/dp/B0G4827DCM,SAR 901.14,4.5,
Redmi Pad 2 9.7 Graphite Gray 4GB RAM 128GB WiFi Inbox Cover - Global Version,https://www.amazon.sa/-/en/Redmi-Graphite-128GB-Inbox-Cover/dp/B0GXZQMJRB,SAR 629.00,,
"XIAOMI Pad 7 Ai WiFi Version Global (No Calls or Text) 11.2 inches 3.2K 144Hz 8850mAh Bluetooth 5.4 Four Speakers 13 Mp Model 2410CRP4CG (Green, 256GB + 8GB)",https://www.amazon.sa/-/en/Version-8850mAh-Bluetooth-Speakers-2410CRP4CG/dp/B0DY6TW5QQ,"SAR 1,250.00",4.6,
"Lenovo Legion Tab, 8-inch, ECLIPSE BLACK, Qualcomm® Snapdragon™ 8 Gen3 OC 3.3GHz, 12GB Ram, 256GB Storage, WIFI, 6550mAh Battery, TB321FU,with Folio Case and Glass Film, ZAEF0032SA",https://www.amazon.sa/-/en/Lenovo-Qualcomm%C2%AE-SnapdragonTM-TB321FU-ZAEF0032SA/dp/B0DQQ5YP7C,"SAR 2,499.00",3.8,
"Apple iPad Air 11-inch (M4): Liquid Retina Display, 128GB, 12MP Front/Back Camera, Wi-Fi 7 with Apple N1, Touch ID, All-Day Battery Life — Space Grey",https://www.amazon.sa/-/en/Apple-iPad-Air-11-inch-M4/dp/B0GQVBJ3KT,"SAR 3,499.00",4.6,
"Samsung Galaxy Tab S10 FE+ Plus with S-Pen, 128GB, 8GB RAM, Wi-Fi Only, 13"" LCD, 6E WiFi Tablet, Android 15, 4K Camera, International Model X620, 25W Fast Charger",https://www.amazon.sa/-/en/Samsung-Galaxy-Android-International-Charger/dp/B0DYPPG924,"SAR 1,998.00",4.6,
"TABWEE T80 Android 15 Touch Tablet - 18GB+128GB (2TB TF Expandable), 10-inch Tablet, 6000mAh Battery, 5MP Camera, Gemini AI 3.1 Pro, 5G WiFi, GPS, Face ID, Tablet with Keyboard, Mouse, Case & Stylus | Android 15 tablet 10 inches, 6000 mAh, 5MP + 2MP, supports Gemini AI, 5G WiFi, GPS, Face ID",https://www.amazon.sa/-/en/TABWEE-T80-Android-Touch-Tablet/dp/B0F9SKGRRT,SAR 899.99,4.4,
"Lenovo Tab, 10-inch, LUNA GREY, MediaTek® G85 OC 2.0GHz, 4GB Ram, 128GB Storage, WIFI, 5100 mAh Battery, TB311FU,with Clear Case, ZAEH0045SA",https://www.amazon.sa/-/en/Lenovo-10-inch-MediaTek%C2%AE-TB311FU-ZAEH0045SA/dp/B0DQQ8LLJY,SAR 724.00,4.3,
"TABWEE T50 Android 16 Tablet 11 Inch, 24GB RAM (6+18GB Expandable) 128GB ROM (2TB TF), Octa-Core Gaming Tablet, 90Hz Eye-Care Screen, 8000mAh Battery, OTG Reverse Charge, Gemini AI, 4-Year Warranty",https://www.amazon.sa/-/en/TABWEE-T50-Expandable-Octa-Core-Eye-Care/dp/B0G2M446Z1,SAR 719.99,4.4,
"Samsung Galaxy Tab S10 FE, WIFI Android Tablet, 12GB RAM, 256GB Storage, 10.9” Screen, 90Hz Display, S Pen Included, IP68, Long Battery Life, Gray (KSA Version)",https://www.amazon.sa/-/en/Samsung-Android-Storage-Display-Included/dp/B0F4R1437S,"SAR 2,349.00",4.4,
"Dell 12.3"" Latitude 7200 Multi-Touch 2-in-1 Laptop - 12.3"" FHD AG - 1.9GHz Intel Core i7-8665U Quad-Core - 16GB RAM | 256GB SSD - Win10 pro - Keyboard Included (Renewed)",https://www.amazon.sa/-/en/Dell-Latitude-7200-Multi-Touch-Laptop/dp/B09P89DJG3,,,
"Lenovo Tab, 10-inch, LUNA GREY, MediaTek® G85 OC 2.0GHz, 4GB Ram, 128GB Storage, With Call Feature, 4G-LTE, 5100 mAh Battery, TB311XU,with Clear Case, ZAEJ0021SA",https://www.amazon.sa/-/en/Lenovo-10-inch-MediaTek%C2%AE-TB311XU-ZAEJ0021SA/dp/B0DQQ9YPBK,SAR 699.00,4.4,
"Samsung Galaxy Tab S10 Lite, 6GB RAM, 128GB, 2TB Expand, Long Battery Life, 10.9” LCD, S Pen for Note-Taking, Exynos 1380, Circle to Search, AI Tools, Gray",https://www.amazon.sa/-/en/Samsung-Galaxy-Expand-Battery-Note-Taking/dp/B0FF5JJ3CP,"SAR 1,842.30",4.6,
"Apple iPad 11-inch: A16 chip, 11-inch Model, Liquid Retina Display, 128GB, Wi-Fi 6 + 5G Cellular, 12MP Front/12MP Back Camera, Touch ID, All-Day Battery Life — Pink",https://www.amazon.sa/-/en/Apple-iPad-11-inch-Display-Cellular/dp/B0DZ782GK9,"SAR 2,599.00",4.3,
"AGM PAD P2 Tablet Android 14,16(8+8) GB RAM+256GB ROM(2TB TF), Helio G99 Gaming Tablet with Case,4G Dual SIM, 5GHz WiFi, 7850mAh, 50MP+8MP/BT5.2/GPS/Type C/ 1920 * 1200 FHD Display/Compass",https://www.amazon.sa/-/en/AGM-PAD-P2-Android-7850mAh/dp/B0F53F93H3,SAR 759.00,3.8,
"10.1"" inches Smart Tablet PC | 17 Air Tab pro max | Wireless Keyboard | RAM 24GB + ROM 1TB | Dual Sim Cards Support | orange",https://www.amazon.sa/-/en/17-Air-Tab-pro-Wireless/dp/B0G6V5W2LD,SAR 399.99,2.6,
Filters,https://www.amazon.sa#s-skipLinkTargetForMainSearchResults,,4,
"49-72 of 387 results for""Computer Tablets""",,,,
,,,,
,,,,
,,,,
Results,https://www.amazon.sa/-/en/SVMAN-Tablet-Android-1280x800-Touchscreen/dp/B0GCRGNTM6,SAR 428.88,2.1,
"Tablet,10.1"" Android Tablet 8GB RAM 256GB ROM HD 1280x800 IPS Touchscreen,Dual SIM Card Slots,Dual Band WiFi,GMS,BT 5.0,Dual Camera (Gold)",https://www.amazon.sa/-/en/SVMAN-Tablet-Android-1280x800-Touchscreen/dp/B0GCRGNTM6,SAR 428.88,2.1,
"OnePlus Pad 4 WiFi Tablet, 12GB RAM + 512GB Storage, Snapdragon 8 Elite Gen 5, 13.2"" 3.4K 144Hz Display, Dune Glow",https://www.amazon.sa/-/en/OnePlus-Tablet-Storage-Snapdragon-Display/dp/B0H2HPRM98,"SAR 3,299.00",,
"ALLDOCUBE Tablet 8.4 Inch, Android 15, 16GB RAM+256GB Storage, 6050mAh Battery, Support GPS/Face Recognition/4G LTE",https://www.amazon.sa/-/en/ALLDOCUBE-Android-Storage-6050mAh-Recognition/dp/B0FKT8NH45,SAR 649.00,4.1,
"HONOR Pad X7 8.7"" Wi-Fi Tablet, 4GB RAM 128GB Storage, 90Hz Display, Snapdragon 680, Android 15, Gray with Cover Case (UAE Version)",https://www.amazon.sa/-/en/HONOR-Storage-Display-Snapdragon-Android/dp/B0FKC36CC9,,4.5,
Lenovo Idea Tab Tablet | 11 Inch 2.5K 16:10 LCD Display | MediaTek Dimensity 6300 | 8GB RAM | 128GB Memory | Android 15 | Luna Grey | Includes Tab Pen,https://www.amazon.sa/-/en/Lenovo-Idea-Tablet-Inch-2-5K/dp/B0F5X1Q29N,SAR 899.00,4.5,
"Lenovo Tab One, 8.7 INCH, LUNA GREY, MediaTek® G85 OC 2.0GHz, 4GB Ram, 128GB Storage, with Call Feature, 4G-LTE, 5100 mAh Battery,with Clear Case, TB305XU, ZAF10102SA",https://www.amazon.sa/-/en/Lenovo-MediaTek%C2%AE-Storage-TB305XU-ZAF10102SA/dp/B0F93WMWKD,SAR 599.00,3.3,
XPPen 3 in 1 Color Digital Notebook 10.95'' Paper Note Taking Tablet with 16384 Pressure Levels Battey-Free X3 Pro Pencil 2 Magnetic Folio 6+128GB Magic Note Pad for Writing/Reading/Meeting/Study,https://www.amazon.sa/-/en/XPPen-Notebook-Pressure-Battey-Free-Magnetic/dp/B0DX234NWP,"SAR 1,279.99",4.3,
"Lenovo Idea Tab, 11 INCH, 2.5K, POLAR BLUE, MediaTek Dimensity 6300 OC, 8GB Ram, 256GB Storage, with Call Feature, 5G, 7040 mAh Battery, Keyboard Case and Pen, TB336ZU, ZAFM0356SA",https://www.amazon.sa/-/en/Lenovo-MediaTek-Dimensity-TB336ZU-ZAFM0356SA/dp/B0FLVW3ZVP,"SAR 1,399.00",2.5,
"XIAOMI Pad 7, 11-inch Tablet, Wi-FI, 256 GB, 8 GB RAM, Grey",https://www.amazon.sa/-/en/XIAOMI-Pad-11-inch-Tablet-Wi-FI/dp/B0DZ144ZMX,"SAR 1,399.00",4.8,
"XIAOMI Redmi Pad 2 Pro, 8 + 256 GB, 12.1"" 2.5K 120 Hz, giant 12,000 mAh battery (typical), 4 nm processor, continuous connectivity, graphite grey, WiFi",https://www.amazon.sa/-/en/battery-processor-continuous-connectivity-graphite/dp/B0FY1YG466,"SAR 1,199.00",4.4,
"REDMAGIC Astra Gaming Tablet, 12GB RAM+256GB ROM, Snapdragon 8 Elite, 2.4K, OLED, 9.06'', Eclipse",https://www.amazon.sa/-/en/REDMAGIC-Gaming-Tablet-Snapdragon-Eclipse/dp/B0F8QH1KTX,"SAR 3,499.00",4.4,
"HUAWEI MatePad SE 11 4GB+128GB Kid Tablet, M-Pen lite, FullView Display，Large Capacity Battery，Kids Corner, 1-Year Amazon Exclusive Huawei Care+",https://www.amazon.sa/-/en/HUAWEI-FullView-Display%EF%BC%8CLarge-Battery%EF%BC%8CKids-Exclusive/dp/B0G9T81DGC,SAR 749.00,4.0,
"TCL TAB11 FE Ares-11 4GB RAM 128GB ROM 6000mAh 11-Inch FHD Android 14 Tablet with Flip Case, Grey",https://www.amazon.sa/-/en/TCL-Ares-11-6000mAh-11-Inch-Android/dp/B0FQ5VM7V8,SAR 559.00,,
"Microsoft Surface Pro 7 12.3 Inch Tablet (Platinum) - Intel 10th Generation Quad Core i5, 8GB RAM, 128GB SSD, Windows 10 Home, 2019 Edition",https://www.amazon.sa/-/en/Microsoft-Surface-12-3-Tablet-Platinum/dp/B07Y5M67K7,"SAR 1,575.88",4.4,
"CHUWI Hi10 Max 12.96"" 3K IPS Touch Screen, Intel N150 Processor, 12GB DDR5, 512GB SSD, 3-in-1 Windows 11 Tablet PC, WiFi 6, Detachable Keyboard Tablet",https://www.amazon.sa/-/en/CHUWI-Processor-Windows-Detachable-Keyboard/dp/B0GH6NTZPZ,"SAR 2,147.00",,
"Samsung Galaxy Tab A11 8.7"" 64GB/4GB Wi-Fi Prateado",https://www.amazon.sa/-/en/Samsung-Galaxy-64GB-Wi-Fi-Prateado/dp/B0FWSD2KK3,SAR 612.03,4.2,
"AGM PAD T2 Tablet Android 14, FHD 1920x1200 Display, 4GB RAM, 256GB ROM (TF 512GB),GPS/Type-C/8000mAh Battery/Dual SIM 4G LTE/5G Hz WIFI/Face ID",https://www.amazon.sa/-/en/AGM-PAD-T2-Android-1920x1200/dp/B0DGX4MK98,SAR 575.10,4.0,
"Microsoft Surface Pro 7 Plus Intel 11Th Gen Quad Core i7-1165G7 2.8 GHz, 16GB, 512GB SSD, 12.3"" TRA Window 10 PRO - Platinum | 1ND-00006 (Renewed)",https://www.amazon.sa/-/en/Microsoft-Surface-Intel-i7-1165G7-Window/dp/B0GDNWN4B6,,,
HONOR Pad X8a 4+128G Wi-Fi(with Flip Cover),https://www.amazon.sa/-/en/HONOR-128G-Wi-Fi-Flip-Cover/dp/B0DC6JBDFG,SAR 815.12,4.5,
"PEICHENG Android 14.0 Tablet 7"", RAM 8GB(3+5Expand)+32GB ROM Tablets, Dual Camera, 1024 x 600 IPS Display Screen, 1TB Expand, Tablet with Case (Black)",https://www.amazon.sa/-/en/PEICHENG-Android-5Expand-Tablets-Case/dp/B0DT464XW3,SAR 195.42,3.6,
"Android Tablet, 7-Inch Tablet with Octa-core Processor, 2GB RAM + 32GB Expansion+1TB, Long Battery Life, WiFi 2.4G/5G, BT, Dual Camera, Play GMS Certified",https://www.amazon.sa/-/en/RUIQIAI-Octa-core-Processor-Expansion-Certified/dp/B0CCRY7QB2,SAR 199.18,3.8,
"Lenovo Tab, 10-inch, LUNA GREY, MediaTek® G85 OC 2.0GHz, 4GB Ram, 128GB Storage, WIFI, 5100 mAh Battery, TB311FU,with Kids Bumper Case, ZAEH0086SA",https://www.amazon.sa/-/en/Lenovo-10-inch-MediaTek%C2%AE-TB311FU-ZAEH0086SA/dp/B0DQQ9DXTX,SAR 799.00,4.4,
"Tablet Lenovo ZAFR0389ES 11"" 8 GB RAM 128 GB Grey",https://www.amazon.sa/-/en/Tablet-Lenovo-ZAFR0389ES-RAM-Grey/dp/B0G6BS48TS,SAR 825.00,4.2,
"Android 10.1 Inch Tablet PC, 6GB RAM 128GBStorage,1280x800 IPS Screen, Dual-band Wi-Fi, GPS, Dual SIM Card Slots, 5G network Bluetooth,Touch Screen (Black)",https://www.amazon.sa/-/en/SYCGYQ-128GBStorage-1280x800-Dual-band-Bluetooth/dp/B0DHS3WB2Q,SAR 428.88,3.1,
Filters,https://www.amazon.sa#s-skipLinkTargetForMainSearchResults,,4,
"73-96 of 387 results for""Computer Tablets""",,,,
,,,,
,,,,
,,,,
Results,https://www.amazon.sa/-/en/Lenovo-Android-Designed-Portable-Entertainment/dp/B0CRF732V7,SAR 796.58,4.5,
Lenovo Tab M11 Android Tablet | 11 Inch Full HD 1200p | 128 GB | Lenovo Tab Pen | WiFi | 4 GB RAM | Luna Grey | Designed for Portable Entertainment,https://www.amazon.sa/-/en/Lenovo-Android-Designed-Portable-Entertainment/dp/B0CRF732V7,SAR 796.58,4.5,
"Lenovo Idea Tab, 11 INCH, 2.5K, 2560x1600, LUNA GREY, MediaTek® Dimensity 6300 OC, 8GB Ram, 256GB Storage, with Call Feature, 5G, 7040 mAh Battery,with Folio Case and Pen, TB336ZU, ZAFM0656SA",https://www.amazon.sa/-/en/Lenovo-2560x1600-MediaTek%C2%AE-TB336ZU-ZAFM0656SA/dp/B0FLVW2J3G,"SAR 1,199.00",3.7,
"Android 10.1 Inch Tablet PC, 6GB RAM 128GBStorage,1280x800 IPS Screen, Dual-band Wi-Fi, GPS, Dual SIM Card Slots, 5G network Bluetooth,Touch Screen (Black)",https://www.amazon.sa/-/en/SYCGYQ-128GBStorage-1280x800-Dual-band-Bluetooth/dp/B0DHS3WB2Q,SAR 428.88,3.1,
"Android 15 Tablet 10 inch, 2 in1 Tablets with Keyboard Case Mouse Stylus, 10GB RAM 64GB ROM 1TB Expand, Quad-Core Processor Tablet PC, 5G WiFi6, BT5.0, 6000mAh, 1280*800 IPS Screen, Widevine L1, Black",https://www.amazon.sa/-/en/Android-Keyboard-Quad-Core-Processor-Widevine/dp/B0DX653W8S,SAR 322.98,4.1,
Redmi Pad 2 9.7 Silver 4GB RAM 64GB WiFi Inbox Cover - Global Version,https://www.amazon.sa/-/en/Redmi-Silver-64GB-Inbox-Cover/dp/B0GXZLSLVY,SAR 611.00,,
"Lenovo Tab Plus, 11.5"" 2K, LUNA GREY, MediaTek® Helio G99 OC 2.2GHz, 8GB, 256GB, 8 Speakers, WIFI, 8600 mAh with 45W PD3.0, TB351FU, Sleeve Case, ZADX0106SA",https://www.amazon.sa/-/en/Lenovo-MediaTek%C2%AE-Speakers-TB351FU-ZADX0106SA/dp/B0DJMG7XFH,"SAR 1,249.00",4.6,
"10.1 Inch Tablet, 4GB RAM 128GB Storage, Eight-Core Processor,1280x800 IPS Screen, WIFI, GPS, Dual SIM Card Slots, Metal Housing (Gold)",https://www.amazon.sa/-/en/Storage-Eight-Core-Processor-1280x800-Housing/dp/B0BJ74GJ6Q,SAR 428.88,3.0,
"Blackview Link 8, Wi-Fi, 256GB 6GB RAM, Cloudy Purple",https://www.amazon.sa/-/en/Blackview-Link-Wi-Fi-Cloudy-Purple/dp/B0G57M2Z6W,SAR 943.66,,
"REDMAGIC Astra Gaming Tablet, 16GB RAM+512G ROM, Snapdragon 8 Elite, 2.4K, OLED, 9.06'', Eclipse",https://www.amazon.sa/-/en/REDMAGIC-Gaming-Tablet-Snapdragon-Eclipse/dp/B0F8QFN64V,"SAR 3,949.00",4.6,
"XIAOMI Poco Pad M1 Tablet WiFi 8GB 256GB 12.1"" Display 120Hz 12000mAh Black (with Charger)",https://www.amazon.sa/-/en/Poco-Pad-M1-Display-12000mAh/dp/B0GCDQY4P1,"SAR 1,407.41",,
"TABWEE T20 Pro Android 16 Tablet with Keyboard and Stylus, 24GB+256GB+2TB | 4 Year Warranty/Widevine L1/Top Pick for Light Office Work",https://www.amazon.sa/-/en/TABWEE-Android-Tablet-Keyboard-Stylus/dp/B0FQTPX7LZ,SAR 703.11,4.5,
"Samsung Galaxy Tab Active5 5G Enterprise Edition, Rugged Android Tablet, 8"" Display, 6GB RAM and 128GB Expandable Internal Memory, 5050mAh Battery, Green",https://www.amazon.sa/-/en/Samsung-Active5-Enterprise-Expandable-Internal/dp/B0CS2HCBXX,"SAR 1,889.85",4.4,
"Microsoft Surface Pro 13"" (Latest Version) | OLED | 12 Core | Copilot+PC | 2 in 1 | 120Hz Display| Snapdragon X Elite| 32GB RAM | 1 TB SSD | Platinum | KSA Version",https://www.amazon.sa/-/en/Microsoft-Surface-Version-Snapdragon-Platinum/dp/B0D9PJKSZT,"SAR 9,399.00",3.9,
"Samsung Galaxy Tab S10 FE+ 13.1” 128GB WiFi Android Tablet, Large Display, Long Battery Life, Exynos 1580 Processor, IP68, S Pen for Note-Taking, US Version, 2 Yr Manufacturer Warranty, Silver",https://www.amazon.sa/-/en/Samsung-Processor-Note-Taking-Manufacturer-Warranty/dp/B0DVZWJL91,"SAR 3,175.68",4.7,
"HOTTABLET 10"" Android 15 Tablet, 12(4+8Expand) GB RAM+64GB ROM, 2+8MP Dual Camera, 6000mAh Battery (Tablet+case+Stylus), Pink",https://www.amazon.sa/-/en/HOTTABLET-Android-8Expand-6000mAh-Battery/dp/B0DXV2TWF5,SAR 290.10,4.0,
"Lenovo Tab One, 8.7 INCH, HD, 1340x800, LUNA GREY, MediaTek® G85 OC 2.0GHz, 4GB Ram, 128GB Storage, WIFI, 5100 mAh Battery, with Clear Case, TB305FU, ZAF00125SA",https://www.amazon.sa/-/en/Lenovo-1340x800-MediaTek%C2%AE-TB305FU-ZAF00125SA/dp/B0FLVW1QTM,SAR 499.00,3.6,
"Samsung Galaxy Tab S10 Lite, 8GB RAM, 256GB, 2TB Expand, Long Battery Life, 10.9” LCD, S Pen for Note-Taking, Exynos 1380, Circle to Search, AI Tools, Gray",https://www.amazon.sa/-/en/Samsung-Galaxy-Expand-Battery-Note-Taking/dp/B0FF5W8NBY,"SAR 1,749.00",4.7,
MODIO M19 10.1inch 1280 * 800 IPS Android High Defination Tablet 8GB RAM 512GB ROM Dual Sim Green,https://www.amazon.sa/-/en/M19-10-1inch-Android-Defination-Tablet/dp/B0CPFWZZRJ,SAR 289.00,2.4,
"NOVOJOY 7 Inch Tablet with Case, Android 15 Tablet PC, 32GB Storage 8GB RAM Tabletsa Quad-Core Processor Android Tableta pc Dual Camera, WiFi, BT Computer Tabletas.(with Tablets Cover),Navy Blue",https://www.amazon.sa/-/en/NOVOJOY-Tabletsa-Quad-Core-Processor-Tabletas/dp/B0GD5M8WYX,SAR 206.72,3.9,
"ApoloMedia 11"" Tablet, 2026 Android 16 with Octa-core Processor, 8GB RAM+128GB ROM(1TB Expandtion), 7000mAh Battery, HD IPS Large tableta,WiFi 6&BT5.0, Support GMS (Case not Included)",https://www.amazon.sa/-/en/ApoloMedia-Octa-core-Processor-Expandtion-Included/dp/B0F3X9RC8Z,SAR 529.02,4.2,
Honor MagicPad3 Wi-Fi Tablet (2025) 13.3 Inches | 512GB Storage 16GB RAM | Android 15 - Grey,https://www.amazon.sa/-/en/MagicPad3-Tablet-Inches-Storage-Android/dp/B0FP6QK7LY,"SAR 2,683.02",5.0,
"Samsung Galaxy Tab S11 (CAD version and warranty) - Graphite, 128 GB, 11 inch Android Tablet, Galaxy AI enhancements, AMOLED 2X 120 Hz, Dex mode, re-designed S stylus included",https://www.amazon.sa/-/en/Samsung-Galaxy-Tab-version-warranty/dp/B0FLVQLYCV,"SAR 2,791.96",4.6,
"Samsung Galaxy Tab S10 Lite, 5G Android Tablet, Coralred, 8GB RAM, 256GB Storage, 10.9"" 90Hz Display, Long Battery Life (KSA Version)",https://www.amazon.sa/-/en/Samsung-Android-Coralred-Storage-Display/dp/B0FN47M7L5,,3.3,
"Redmi Pad 2 Pro 12.1"" 2.5K crystal-clear Display Graphite Gray 8GB RAM 256GB wiFi With Free Inbox Keyboard - Global Version",https://www.amazon.sa/-/en/Redmi-crystal-clear-Display-Graphite-Keyboard/dp/B0FWRH2DHW,"SAR 1,298.00",4.1,
Filters,https://www.amazon.sa#s-skipLinkTargetForMainSearchResults,,4,
"97-120 of 387 results for""Computer Tablets""",,,,
,,,,
,,,,
,,,,
Results,https://www.amazon.sa/-/en/Version-8850mAh-Bluetooth-Speakers-24091RPADG/dp/B0DY6RG7TY,"SAR 2,298.02",4.6,
"XIAOMI Pad 7 Pro Ai WiFi Version Global (No Calls or Text) 11.2 inches 3.2K 144Hz 8850mAh Bluetooth 5.4 Four Speakers 50 Mp Cam Model 24091RPADG (Green, 512GB + 12GB)",https://www.amazon.sa/-/en/Version-8850mAh-Bluetooth-Speakers-24091RPADG/dp/B0DY6RG7TY,"SAR 2,298.02",4.6,
"Redmi Pad 2 Pro 12.1"" 2.5K crystal-clear Display Graphite Gray 8GB RAM 256GB wiFi With Free Inbox Keyboard - Global Version",https://www.amazon.sa/-/en/Redmi-crystal-clear-Display-Graphite-Keyboard/dp/B0FWRH2DHW,"SAR 1,298.00",4.1,
"Xiaomi Redmi Pad 2 Pro, Tablet, 8 + 256 GB Solid 12000 mAh (Type) Advanced Battery 4 nm Processor 12.1 Inch 2.5 K Crystal Clear Display, WiFi Version, Charger Included (Silvery White)",https://www.amazon.sa/-/en/Xiaomi-Pro-Advanced-Processor-Included/dp/B0FY332NBB,"SAR 1,459.63",4.2,
"Teclast Android 16 T65 Large Tablet 13.4 inch, 256GB ROM, 10000mAh 12H Battery, 1920x1200 IPS Display, 120Hz IPS Display, 2.2Ghz Octa-Core Processor, Wi-Fi 2.4/5G+4G LTE, GPS, Ideal for",https://www.amazon.sa/-/en/T65-10000mAh-1920x1200-Octa-Core-Processor/dp/B09FL1R6Q5,"SAR 1,024.66",4.6,
"Microsoft Surface Pro 7 – 12.3"" Touch-Screen - Intel Core i5-8GB Memory - 256GB SSD Platinum (Renewed)",https://www.amazon.sa/-/en/Microsoft-Surface-Pro-Touch-Screen-Platinum/dp/B081ZK53GG,,3.8,
"ATOZEE 10 Inch Tablet, Android 14 Tablets 8GB RAM 64GB ROM 1024GB Expand Tableta 2MP+ 8MP Camera Bluetooth WiFi-6 Tablet Computer 10.1 in Tablet IPS 10"" HD Display 6000mAh Long Battery Life Tabletas",https://www.amazon.sa/-/en/ATOZEE-Android-Bluetooth-Computer-Tabletas/dp/B0DG4WDYY3,SAR 296.01,3.9,
"Apple 2021 iPad Pro (12.9-inch, Wi-Fi + Cellular, 1TB) - Silver (5th Generation) (Renewed)",https://www.amazon.sa/-/en/Apple-2021-12-9-inch-Wi-Fi-Cellular/dp/B0CQ2YYRL2,"SAR 3,399.00",4.2,
"Brave T3 Pro 128GB 4GB+4GB RAM 10.1"" LTE Tablet Dark Grey",https://www.amazon.sa/-/en/Brave-128GB-10-1-Tablet-Dark/dp/B0F7RNW7H9,,,
"TCL Hera NXTPAPER 14 2.4K 8GB RAM 256GB ROM 10000mAh 14.3-Inch Android 14 Tablet with Flip Case, Grey",https://www.amazon.sa/-/en/TCL-NXTPAPER-10000mAh-14-3-Inch-Android/dp/B0FQ5VH3SH,"SAR 1,529.00",5.0,
Pad 3 512GB 16GB Storm Blue WIFI,https://www.amazon.sa/-/en/512GB-16GB-Storm-Blue-WIFI/dp/B0F9B2TDYN,"SAR 3,053.60",4.6,
"Android Tablet 8 inch, Android 12.0 Tableta 32GB Storage 512GB SD Expansion Tablets PC, Quad-core Processor 2GB RAM 1280x800 IPS HD Touchscreen Dual Camera Tablets, Support WiFi6, BT, 4300 mAh Battery",https://www.amazon.sa/-/en/Expansion-Quad-core-Processor-1280x800-Touchscreen/dp/B0BVFVDNPM,SAR 207.07,3.8,
"TCL Bellona NXTPAPER 11 Plus 2.2K 8GB RAM 256GB ROM 8000mAh 11.5-Inch Android 15 Tablet with Flip Case, Onyx Black",https://www.amazon.sa/-/en/TCL-Bellona-NXTPAPER-8000mAh-11-5-Inch/dp/B0FQ5VMGYW,SAR 899.00,5.0,
"Samsung X210R Galaxy Tab A9+ 11"", Wi-Fi, 256GB 8GB RAM, Graphite",https://www.amazon.sa/-/en/Samsung-X210R-Galaxy-Wi-Fi-Graphite/dp/B0FC2KQGNJ,"SAR 1,405.11",4.7,
C idea Tablet,https://www.amazon.sa/-/en/C-idea-P1250-Tablet/dp/B0CNXHNHTH,SAR 299.00,3.7,
"Apple 2022 11-inch iPad Pro (Wi-Fi, 128GB) - Space Gray (4th generation) (Renewed)",https://www.amazon.sa/-/en/Apple-2022-11-inch-Wi-Fi-128GB/dp/B0CQ2XBWJ5,"SAR 2,849.00",3.5,
"WUIUHOU 10.1 Inch Android 15 Tablet, 8GB RAM 32GB Storage, HD IPS Display, 5G WiFi 6,6000mAh Battery, Dual Camera for Video Call, Tab with Case & Stylus Pen for Work/Study Tablet with case (Black)",https://www.amazon.sa/-/en/WUIUHOU-Android-Storage-Display-6000mAh/dp/B0GD7BQDLQ,SAR 300.79,4.1,
"XIAOMI Pad 8 Ai WiFi Version Global (No Calls or Text) 11.2 inches 3.2K 144Hz 9200mAh Four Speakers 13 Mp Model 25097RP43G (Pine Green, 256GB + 8GB)",https://www.amazon.sa/-/en/XIAOMI-Version-9200mAh-Speakers-25097RP43G/dp/B0F91PKF9D,"SAR 1,744.00",4.8,
"Apple iPad Air 13-inch with M3 chip Built for Apple Intelligence, Liquid Retina Display, 128GB, 12MP Front/Back Camera, Wi-Fi 6E, Touch ID, All-Day Battery Life — Space Gray",https://www.amazon.sa/-/en/Apple-13-inch-Intelligence-Display-All-Day/dp/B0DZ7QXNLT,"SAR 3,699.00",4.8,
"Apple (Refurbished) 2021 iPad (10.2-inch, Wi-Fi + Cellular, 256GB) - Silver (9th Generation)",https://www.amazon.sa/-/en/Apple-Refurbished-10-2-inch-Wi-Fi-Cellular/dp/B0CQ2ZNK68,"SAR 1,299.00",2.9,
"TECLAST T65 PLUS Tablet 13.4 Inch 120Hz Display Helio G99 2.2GHz Gaming Tablets Android 15, 20GB RAM + 256GB ROM (8TB TF) Tablet PC, 10000mAh/18W, 4G LTE Dual SIM + 5GWiFi, Widevine L1/13MP/BT5.2/GPS",https://www.amazon.sa/-/en/TECLAST-Display-Tablets-10000mAh-Widevine/dp/B09FKZ4WTG,"SAR 1,139.18",4.8,
"HONOR MagicPad 4 12+ 256 GB Wi-Fi, White with Keyboard, Cover, Pen & HONOR CHOICE MouseBuds Pro",https://www.amazon.sa/-/en/HONOR-MagicPad-Keyboard-CHOICE-MouseBuds/dp/B0GY5HBPV8,"SAR 3,630.65",5.0,
"Tablet 2026 World's First Android 16 Tablet with Gemini AI, 11 Inch FHD Display, 24GB RAM 128GB ROM /2TB TF, T7250 CPU+13MP Camera, 8000mAh, Widevine L1, 2 in 1 Tablets with Keyboard Mouse Stylus",https://www.amazon.sa/-/en/Android-Display-8000mAh-Widevine-Keyboard/dp/B0FDWT3MXK,"SAR 1,154.42",4.3,
"Apple (Refurbished) 2021 iPad Pro (11-inch, Wi-Fi, 256GB) - Space Grey (3rd Generation)",https://www.amazon.sa/-/en/Apple-Refurbished-11-inch-Wi-Fi-256GB/dp/B0CQ2Y11BZ,"SAR 2,399.00",2.9,
"Xiaomi Redmi Pad 2 Only WiFi (No Calls or Text) 11"" 2.5K Octa Core 4 Speakers Global ROM 9000mAh Bluetooth 5.3 8MP Model 25040RP0AL (Graphite Gray, 128GB + 4GB)",https://www.amazon.sa/-/en/Xiaomi-Speakers-Bluetooth-25040RP0AL-Graphite/dp/B0F9B9NC89,SAR 852.70,4.8,
Filters,https://www.amazon.sa#s-skipLinkTargetForMainSearchResults,,4,
